Model,Accuracy,AUC,Precision,Recall,F1 Score,MCC
logistic_regression,0.956140350877193,0.9977071732721913,0.9459459459459459,0.9859154929577465,0.9655172413793104,0.9068106119605033
decision_tree,0.9385964912280702,0.932361611529643,0.9444444444444444,0.9577464788732394,0.951048951048951,0.868859654660177
knn,0.956140350877193,0.9959056665574845,0.9342105263157895,1.0,0.9659863945578231,0.9086150974691304
naive_bayes,0.9736842105263158,0.9983622666229938,0.9594594594594594,1.0,0.9793103448275862,0.9447329926514414
random_forest,0.956140350877193,0.9955781198820832,0.9583333333333334,0.971830985915493,0.965034965034965,0.9063785942932301
xgboost,0.956140350877193,0.9908286930887652,0.9583333333333334,0.971830985915493,0.965034965034965,0.9063785942932301
